card_id,account_id,card_type,card_purpose,status,first_used_on,expires_on,online_enabled,international_enabled,virtual_card
CA1001,AC1001,debit,everyday,active,2024-12-15,2028-12-01,true,false,false
CA1002,AC1002,debit,family,active,2025-10-16,2030-10-01,true,true,false
CA1003,AC1003,debit,everyday,active,2023-02-13,2028-02-01,true,true,false
CA1004,AC1004,prepaid,travel,active,2025-04-09,2030-04-01,true,true,false
CA1005,AC1005,credit,everyday,active,2024-01-13,2029-01-01,true,true,false
CA1006,AC1006,debit,everyday,active,2023-03-05,2028-03-01,true,true,false
CA1007,AC1007,credit,everyday,active,2023-02-12,2028-02-01,true,true,false
CA1008,AC1008,credit,everyday,expired,2022-04-12,2026-04-01,true,true,false
CA1009,AC1009,credit,travel,blocked,2022-06-26,2026-06-01,true,true,false
CA1010,AC1010,debit,everyday,active,2024-11-16,2029-11-01,true,false,false
CA1011,AC1011,debit,everyday,active,2023-06-03,2028-06-01,true,true,false
CA1012,AC1012,debit,everyday,active,2025-08-20,2029-08-01,true,false,false
CA1013,AC1013,credit,everyday,active,2024-07-02,2028-07-01,true,true,false
CA1014,AC1014,credit,business,active,2023-12-10,2027-12-01,true,true,true
CA1015,AC1015,debit,everyday,active,2024-03-22,2028-03-01,true,true,false
CA1016,AC1016,prepaid,online,active,2025-08-20,2030-08-01,true,false,false
CA1017,AC1017,credit,everyday,expired,2022-09-03,2026-09-01,true,true,false
CA1018,AC1018,debit,everyday,active,2025-08-20,2030-08-01,true,false,false
CA1019,AC1019,credit,everyday,active,2024-05-02,2029-05-01,true,true,false
CA1020,AC1019,credit,mobile_and_online,active,2023-01-01,2028-01-01,true,true,true
CA1021,AC1020,debit,everyday,active,2025-08-20,2030-08-01,true,false,false
CA1022,AC1021,credit,everyday,active,2025-08-20,2030-08-01,true,true,false
CA1023,AC1021,credit,mobile_and_online,active,2022-05-11,2027-05-01,true,true,true
CA1024,AC1022,debit,everyday,active,2024-02-22,2029-02-01,true,true,false
CA1025,AC1022,debit,mobile_and_online,active,2024-07-11,2029-07-01,true,true,true
CA1026,AC1023,debit,everyday,active,2023-08-22,2027-08-01,true,true,false
CA1027,AC1024,debit,everyday,expired,2023-06-28,2026-02-01,true,false,false
CA1028,AC1025,prepaid,online,active,2025-06-30,2029-06-01,true,false,false
CA1029,AC1026,debit,everyday,active,2024-11-18,2029-11-01,true,true,false
CA1030,AC1027,debit,everyday,active,2025-04-20,2030-04-01,true,true,false
CA1031,AC1028,debit,everyday,active,2023-01-16,2028-01-01,true,false,false
CA1032,AC1029,credit,everyday,active,2025-05-09,2030-05-01,true,true,false
CA1033,AC1030,credit,everyday,active,2024-04-07,2028-04-01,true,true,false
CA1034,AC1031,credit,travel,active,2024-08-01,2029-08-01,true,true,false
CA1035,AC1032,debit,everyday,active,2025-07-02,2029-07-01,true,true,false
CA1036,AC1033,prepaid,online,active,2025-09-13,2030-09-01,true,true,false
CA1037,AC1034,debit,everyday,active,2022-07-18,2027-07-01,true,false,false
CA1038,AC1035,debit,everyday,active,2023-07-18,2028-07-01,true,true,false
CA1039,AC1035,debit,mobile_and_online,active,2022-05-02,2027-05-01,true,false,true
CA1040,AC1036,debit,everyday,active,2023-07-03,2028-07-01,true,true,false
CA1041,AC1037,debit,everyday,active,2023-06-28,2028-06-01,true,true,false
CA1042,AC1038,prepaid,online,blocked,2022-12-24,2027-12-01,true,true,true
CA1043,AC1039,debit,everyday,active,2024-06-27,2029-06-01,true,true,false
CA1044,AC1040,debit,everyday,active,2025-05-23,2030-05-01,true,true,false
CA1045,AC1041,debit,pet_care,active,2022-04-07,2027-04-01,true,true,false
CA1046,AC1042,debit,everyday,blocked,2025-06-07,2030-06-01,true,true,false
CA1047,AC1043,credit,everyday,active,2022-10-07,2027-10-01,true,false,false
CA1048,AC1043,credit,mobile_and_online,active,2023-12-16,2027-12-01,true,true,true
CA1049,AC1044,credit,events,active,2025-09-12,2030-09-01,true,true,false
CA1050,AC1045,credit,everyday,active,2022-02-28,2027-02-01,true,true,false
CA1051,AC1045,credit,mobile_and_online,active,2022-11-24,2027-11-01,true,true,true
CA1052,AC1046,debit,everyday,active,2023-05-08,2028-05-01,true,true,false
CA1053,AC1046,debit,mobile_and_online,active,2023-06-02,2028-06-01,true,true,true
CA1054,AC1047,credit,everyday,active,2024-04-20,2029-04-01,true,true,false
CA1055,AC1048,credit,everyday,active,2023-11-28,2027-11-01,true,true,false
CA1056,AC1049,credit,travel,active,2025-06-30,2030-06-01,true,true,false
CA1057,AC1050,debit,everyday,active,2024-06-21,2028-06-01,true,false,false
CA1058,AC1051,debit,everyday,active,2023-06-05,2028-06-01,true,true,false
CA1059,AC1052,debit,everyday,active,2024-01-14,2029-01-01,true,false,false
CA1060,AC1052,debit,mobile_and_online,active,2024-01-14,2029-01-01,true,true,true
CA1061,AC1053,debit,family,active,2025-01-09,2029-01-01,true,true,false
CA1062,AC1054,debit,everyday,active,2022-11-17,2026-11-01,true,true,false
CA1063,AC1054,debit,mobile_and_online,active,2025-05-10,2029-05-01,true,false,false
CA1064,AC1055,debit,everyday,active,2022-02-07,2027-02-01,true,true,false
CA1065,AC1055,debit,mobile_and_online,expired,2023-11-25,2026-02-01,true,false,true
CA1066,AC1056,debit,everyday,active,2025-08-20,2030-08-01,true,true,false
CA1067,AC1057,credit,renovation,active,2025-11-13,2029-11-01,true,true,false
CA1068,AC1058,debit,everyday,active,2022-10-09,2027-10-01,true,true,false
CA1069,AC1059,credit,everyday,active,2023-12-22,2028-12-01,true,true,false
CA1070,AC1059,credit,mobile_and_online,active,2026-05-12,2031-05-01,true,true,true
CA1071,AC1060,debit,everyday,active,2023-08-21,2027-08-01,true,true,false
CA1072,AC1061,debit,everyday,active,2025-08-20,2029-08-01,true,true,false
CA1073,AC1062,debit,everyday,active,2025-08-20,2029-08-01,true,true,false
CA1074,AC1062,debit,mobile_and_online,active,2022-09-06,2027-09-01,true,true,true
CA1075,AC1063,credit,everyday,active,2023-06-15,2027-06-01,true,true,false
CA1076,AC1063,credit,mobile_and_online,active,2024-05-17,2029-05-01,true,true,true
CA1077,AC1064,debit,everyday,active,2024-12-20,2029-12-01,true,true,false
CA1078,AC1065,debit,everyday,expired,2022-04-06,2026-04-01,true,true,false
CA1079,AC1066,debit,everyday,active,2023-12-11,2028-12-01,true,true,false
CA1080,AC1067,debit,everyday,active,2024-02-12,2029-02-01,true,false,false
CA1081,AC1068,debit,everyday,active,2024-09-12,2029-09-01,true,true,false
CA1082,AC1069,prepaid,travel,active,2025-08-12,2030-08-01,true,true,false
CA1083,AC1070,debit,everyday,active,2025-03-21,2030-03-01,true,true,false
CA1084,AC1071,prepaid,online,active,2025-08-19,2030-08-01,true,true,true
CA1085,AC1072,debit,everyday,active,2025-01-27,2030-01-01,true,true,false
CA1086,AC1073,debit,everyday,active,2024-12-15,2029-12-01,true,false,false
CA1087,AC1074,prepaid,online,active,2025-12-12,2030-12-01,true,false,true
CA1088,AC1075,debit,everyday,active,2023-10-23,2027-10-01,true,true,false
CA1089,AC1076,debit,everyday,active,2024-09-03,2029-09-01,true,false,false
CA1090,AC1076,debit,mobile_and_online,active,2023-01-20,2027-01-01,true,true,true
CA1091,AC1077,debit,everyday,active,2025-02-04,2030-02-01,true,true,false
CA1092,AC1077,debit,mobile_and_online,active,2023-08-05,2028-08-01,true,true,true
CA1093,AC1078,credit,everyday,active,2025-03-15,2030-03-01,true,true,false
CA1094,AC1079,debit,everyday,active,2024-01-26,2028-01-01,true,true,false
CA1095,AC1080,debit,everyday,active,2022-04-05,2027-04-01,true,true,false
CA1096,AC1081,debit,everyday,active,2025-06-16,2030-06-01,true,true,false
CA1097,AC1082,debit,everyday,active,2025-08-20,2030-08-01,true,true,false
CA1098,AC1083,debit,everyday,active,2025-08-20,2030-08-01,true,false,false
CA1099,AC1084,prepaid,online,active,2024-09-27,2029-09-01,true,false,true
CA1100,AC1085,credit,everyday,active,2024-03-20,2029-03-01,true,true,false
CA1101,AC1085,credit,mobile_and_online,active,2024-03-20,2029-03-01,true,true,true
CA1102,AC1086,credit,events,active,2024-10-15,2029-10-01,true,true,false
CA1103,AC1087,credit,everyday,active,2024-02-27,2028-02-01,true,true,false
CA1104,AC1087,credit,mobile_and_online,blocked,2024-07-16,2029-07-01,true,true,true
CA1105,AC1088,debit,everyday,active,2024-11-05,2029-11-01,true,true,false
CA1106,AC1089,debit,everyday,active,2024-03-27,2029-03-01,true,true,false
CA1107,AC1090,prepaid,travel,active,2025-06-30,2030-06-01,true,true,false
CA1108,AC1091,credit,everyday,active,2023-09-05,2028-09-01,true,true,false
CA1109,AC1092,credit,business,active,2022-03-01,2027-03-01,true,true,true
CA1110,AC1093,credit,everyday,active,2022-11-25,2027-11-01,true,true,false
CA1111,AC1093,credit,mobile_and_online,active,2024-09-09,2028-09-01,true,true,true
CA1112,AC1094,debit,everyday,active,2023-01-28,2028-01-01,true,true,false
CA1113,AC1095,prepaid,online,active,2024-11-07,2029-11-01,true,true,true
CA1114,AC1096,credit,everyday,active,2025-01-01,2030-01-01,true,true,false
CA1115,AC1096,credit,mobile_and_online,active,2024-01-06,2029-01-01,true,true,true
CA1116,AC1097,credit,everyday,active,2024-12-13,2029-12-01,true,true,false
CA1117,AC1098,debit,everyday,expired,2024-07-02,2026-03-01,true,true,false
CA1118,AC1099,debit,everyday,active,2024-07-20,2029-07-01,true,true,false
CA1119,AC1100,prepaid,travel,active,2025-06-30,2030-06-01,true,true,false
CA1120,AC1101,debit,everyday,active,2024-03-15,2029-03-01,true,true,false
CA1121,AC1102,debit,everyday,active,2023-01-05,2027-01-01,true,true,false
CA1122,AC1102,debit,mobile_and_online,active,2023-10-21,2028-10-01,true,true,true
CA1123,AC1103,debit,family,active,2025-01-23,2029-01-01,true,true,false
CA1124,AC1104,debit,everyday,active,2024-07-22,2028-07-01,true,true,false
CA1125,AC1104,debit,mobile_and_online,active,2025-09-06,2030-09-01,true,true,true
CA1126,AC1105,debit,everyday,active,2022-10-01,2027-10-01,true,true,false
CA1127,AC1106,debit,everyday,active,2022-09-10,2027-09-01,true,false,false
CA1128,AC1107,debit,everyday,active,2023-01-16,2028-01-01,true,false,false
CA1129,AC1108,debit,everyday,active,2023-05-11,2027-05-01,true,true,false
CA1130,AC1109,debit,everyday,active,2022-11-26,2027-11-01,true,true,false
CA1131,AC1110,debit,everyday,active,2024-02-05,2029-02-01,true,true,false
CA1132,AC1111,debit,everyday,active,2023-08-10,2028-08-01,true,true,false
CA1133,AC1112,credit,everyday,active,2024-02-17,2029-02-01,true,true,false
CA1134,AC1113,debit,everyday,active,2023-05-15,2028-05-01,true,false,false
CA1135,AC1113,debit,mobile_and_online,expired,2025-02-14,2026-06-01,true,true,true
CA1136,AC1114,credit,everyday,active,2024-11-05,2029-11-01,true,true,false
CA1137,AC1115,debit,everyday,active,2024-11-28,2029-11-01,true,true,false
CA1138,AC1116,credit,everyday,active,2023-06-27,2028-06-01,true,true,false
CA1139,AC1117,credit,business,active,2025-06-30,2029-06-01,true,true,true
CA1140,AC1118,debit,everyday,active,2022-09-16,2027-09-01,true,false,false
CA1141,AC1119,debit,everyday,active,2023-10-19,2028-10-01,true,true,false
CA1142,AC1120,debit,everyday,active,2023-07-28,2028-07-01,true,true,false
CA1143,AC1121,debit,everyday,active,2023-12-02,2027-12-01,true,true,false
CA1144,AC1122,debit,everyday,active,2024-11-05,2029-11-01,true,false,false
CA1145,AC1123,credit,everyday,active,2025-05-01,2030-05-01,true,true,false
CA1146,AC1124,credit,everyday,active,2023-11-18,2028-11-01,true,true,false
CA1147,AC1124,credit,mobile_and_online,active,2023-05-04,2027-05-01,true,true,true
CA1148,AC1125,credit,events,active,2024-07-25,2029-07-01,true,true,false
CA1149,AC1126,debit,everyday,active,2022-02-11,2027-02-01,true,true,false
CA1150,AC1127,prepaid,travel,active,2026-05-05,2030-05-01,true,true,false
CA1151,AC1128,debit,everyday,active,2024-01-13,2029-01-01,true,true,false
CA1152,AC1129,credit,everyday,active,2023-04-17,2028-04-01,true,true,false
CA1153,AC1129,credit,mobile_and_online,active,2023-02-21,2028-02-01,true,true,true
CA1154,AC1130,credit,events,active,2024-02-21,2029-02-01,true,true,false
CA1155,AC1131,debit,everyday,active,2025-08-20,2030-08-01,true,true,false
CA1156,AC1131,debit,mobile_and_online,active,2024-08-25,2029-08-01,true,true,true
CA1157,AC1132,debit,family,active,2024-07-03,2029-07-01,true,true,false
CA1158,AC1133,debit,everyday,active,2024-05-27,2028-05-01,true,false,false
CA1159,AC1134,debit,everyday,blocked,2025-05-12,2029-05-01,true,true,false
CA1160,AC1135,debit,everyday,active,2025-04-03,2030-04-01,true,true,false
CA1161,AC1136,prepaid,online,blocked,2023-06-06,2028-06-01,true,true,true
CA1162,AC1137,debit,everyday,active,2024-08-26,2029-08-01,true,true,false
CA1163,AC1138,credit,everyday,active,2024-10-23,2028-10-01,true,true,false
CA1164,AC1139,credit,everyday,active,2024-12-09,2029-12-01,true,true,false
CA1165,AC1140,credit,business,blocked,2025-06-30,2030-06-01,true,true,true
CA1166,AC1141,debit,everyday,active,2023-05-05,2028-05-01,true,false,false
CA1167,AC1142,credit,everyday,active,2024-12-05,2029-12-01,true,true,false
CA1168,AC1142,credit,mobile_and_online,expired,2022-04-02,2026-01-01,true,false,true
CA1169,AC1143,debit,everyday,active,2023-12-14,2027-12-01,true,true,false
CA1170,AC1143,debit,mobile_and_online,active,2024-09-11,2029-09-01,true,false,false
CA1171,AC1144,debit,family,active,2025-06-30,2030-06-01,true,true,false
CA1172,AC1145,credit,everyday,active,2025-08-11,2030-08-01,true,true,false
CA1173,AC1146,credit,events,active,2025-02-03,2030-02-01,true,true,false
CA1174,AC1147,credit,everyday,blocked,2023-11-12,2028-11-01,true,true,false
CA1175,AC1148,credit,everyday,active,2024-05-25,2029-05-01,true,true,false
CA1176,AC1148,credit,mobile_and_online,active,2024-01-23,2029-01-01,true,true,true
CA1177,AC1149,debit,everyday,active,2024-09-09,2028-09-01,true,false,false
CA1178,AC1150,credit,everyday,active,2025-03-11,2030-03-01,true,true,false
CA1179,AC1151,credit,business,active,2025-02-08,2030-02-01,true,true,true
CA1180,AC1152,debit,everyday,active,2022-11-28,2026-11-01,true,true,false
CA1181,AC1153,debit,everyday,active,2025-07-01,2030-07-01,true,true,false
CA1182,AC1154,credit,everyday,active,2022-10-21,2027-10-01,true,true,false
CA1183,AC1155,credit,travel,active,2025-07-19,2030-07-01,true,true,false
CA1184,AC1156,debit,everyday,active,2024-07-08,2028-07-01,true,true,false
CA1185,AC1157,debit,everyday,active,2023-05-20,2028-05-01,true,true,false
CA1186,AC1158,credit,everyday,expired,2022-05-15,2026-05-01,true,true,false
CA1187,AC1158,credit,mobile_and_online,active,2024-02-26,2029-02-01,true,true,true
CA1188,AC1159,credit,events,active,2024-07-02,2028-07-01,true,true,false
CA1189,AC1160,debit,everyday,active,2024-12-21,2029-12-01,true,true,false
CA1190,AC1161,debit,everyday,active,2022-10-24,2026-10-01,true,false,false
CA1191,AC1161,debit,mobile_and_online,blocked,2024-01-11,2029-01-01,true,true,true
CA1192,AC1162,debit,everyday,active,2025-04-04,2030-04-01,true,true,false
CA1193,AC1163,debit,everyday,active,2023-07-07,2028-07-01,true,true,false
CA1194,AC1164,prepaid,travel,active,2023-07-22,2028-07-01,true,true,false
CA1195,AC1165,debit,everyday,active,2023-05-09,2028-05-01,true,false,false
CA1196,AC1166,credit,everyday,active,2022-11-28,2027-11-01,true,true,false
CA1197,AC1167,debit,everyday,active,2025-01-05,2030-01-01,true,true,false
CA1198,AC1168,debit,everyday,active,2023-09-11,2028-09-01,true,true,false
CA1199,AC1169,debit,everyday,active,2024-07-04,2029-07-01,true,false,false
CA1200,AC1170,debit,everyday,active,2022-06-18,2027-06-01,true,true,false
CA1201,AC1170,debit,mobile_and_online,active,2024-08-08,2028-08-01,true,true,true
CA1202,AC1171,debit,everyday,active,2024-03-04,2029-03-01,true,true,false
CA1203,AC1172,debit,everyday,active,2023-10-06,2028-10-01,true,true,false
CA1204,AC1173,debit,pet_care,active,2025-06-30,2029-06-01,true,true,false
CA1205,AC1174,debit,everyday,active,2023-10-05,2027-10-01,true,true,false
CA1206,AC1175,credit,everyday,active,2022-01-08,2027-01-01,true,false,false
CA1207,AC1176,credit,events,active,2025-07-05,2030-07-01,true,true,false
CA1208,AC1177,credit,everyday,active,2023-01-18,2028-01-01,true,true,false
CA1209,AC1177,credit,mobile_and_online,active,2024-09-23,2029-09-01,true,true,true
CA1210,AC1178,credit,events,active,2024-10-24,2029-10-01,true,true,false
CA1211,AC1179,debit,everyday,active,2023-07-05,2028-07-01,true,true,false
CA1212,AC1180,debit,everyday,active,2024-08-05,2029-08-01,true,false,false
CA1213,AC1180,debit,mobile_and_online,active,2024-03-12,2028-03-01,true,true,true
CA1214,AC1181,debit,everyday,active,2024-08-09,2029-08-01,true,true,false
CA1215,AC1182,debit,everyday,active,2024-08-19,2029-08-01,true,true,false
CA1216,AC1183,credit,everyday,active,2023-12-09,2028-12-01,true,true,false
CA1217,AC1183,credit,mobile_and_online,active,2024-04-01,2029-04-01,true,true,true
CA1218,AC1184,debit,everyday,active,2025-08-20,2030-08-01,true,true,false
CA1219,AC1185,credit,everyday,active,2023-11-09,2028-11-01,true,true,false
CA1220,AC1186,credit,travel,active,2025-11-23,2030-11-01,true,true,false
CA1221,AC1187,debit,everyday,active,2022-02-14,2027-02-01,true,true,false
CA1222,AC1188,prepaid,travel,active,2023-05-14,2028-05-01,true,true,false
CA1223,AC1189,debit,everyday,active,2022-06-08,2027-06-01,true,true,false
CA1224,AC1190,prepaid,travel,active,2023-04-12,2028-04-01,true,true,false
CA1225,AC1191,debit,everyday,active,2024-07-04,2029-07-01,true,true,false
CA1226,AC1192,credit,everyday,active,2024-06-03,2029-06-01,true,true,false
CA1227,AC1192,credit,mobile_and_online,active,2025-03-10,2030-03-01,true,true,true
CA1228,AC1193,credit,everyday,active,2022-06-27,2027-06-01,true,true,false
CA1229,AC1194,debit,everyday,active,2024-11-14,2029-11-01,true,true,false
CA1230,AC1195,debit,everyday,active,2025-08-20,2030-08-01,true,false,false
CA1231,AC1196,credit,everyday,expired,2022-06-24,2026-05-01,true,true,false
CA1232,AC1196,credit,mobile_and_online,active,2022-01-07,2027-01-01,true,true,true
CA1233,AC1197,debit,everyday,active,2024-05-19,2028-05-01,true,true,false
CA1234,AC1197,debit,mobile_and_online,active,2022-03-13,2027-03-01,true,false,true
CA1235,AC1198,credit,everyday,active,2025-08-14,2030-08-01,true,true,false
CA1236,AC1198,credit,mobile_and_online,active,2023-12-24,2028-12-01,true,false,false
CA1237,AC1199,debit,everyday,active,2023-01-27,2027-01-01,true,true,false
CA1238,AC1199,debit,mobile_and_online,active,2025-02-11,2030-02-01,true,false,true
CA1239,AC1200,credit,everyday,active,2022-11-18,2027-11-01,true,true,false
CA1240,AC1201,credit,everyday,active,2024-03-20,2028-03-01,true,true,false
CA1241,AC1202,debit,everyday,active,2024-06-07,2029-06-01,true,true,false
CA1242,AC1202,debit,mobile_and_online,active,2025-11-07,2030-11-01,true,true,true
CA1243,AC1203,credit,everyday,active,2024-12-06,2029-12-01,true,true,false
CA1244,AC1204,credit,business,active,2025-07-15,2030-07-01,true,true,true
CA1245,AC1205,debit,everyday,expired,2022-02-12,2026-03-01,true,true,false
CA1246,AC1206,debit,everyday,active,2023-06-04,2027-06-01,true,true,false
CA1247,AC1207,debit,everyday,active,2024-02-27,2028-02-01,true,true,false
CA1248,AC1208,prepaid,online,active,2026-03-06,2030-03-01,true,false,true
CA1249,AC1209,debit,everyday,active,2024-12-20,2029-12-01,true,true,false
CA1250,AC1209,debit,mobile_and_online,active,2022-11-27,2027-11-01,true,true,true
CA1251,AC1210,debit,everyday,active,2024-01-28,2029-01-01,true,true,false
CA1252,AC1211,debit,everyday,expired,2022-02-26,2026-02-01,true,true,false
CA1253,AC1212,debit,shared_household,active,2024-10-21,2029-10-01,true,false,false
CA1254,AC1213,credit,everyday,active,2022-08-08,2027-08-01,true,true,false
CA1255,AC1214,credit,business,active,2025-08-20,2030-08-01,true,true,true
CA1256,AC1215,debit,everyday,active,2022-03-09,2027-03-01,true,true,false
CA1257,AC1216,credit,everyday,active,2022-10-12,2027-10-01,true,true,false
CA1258,AC1216,credit,mobile_and_online,active,2024-04-25,2029-04-01,true,true,true
CA1259,AC1217,debit,everyday,active,2024-05-28,2029-05-01,true,true,false
CA1260,AC1217,debit,mobile_and_online,blocked,2023-07-26,2028-07-01,true,true,true
CA1261,AC1218,debit,everyday,active,2022-01-25,2027-01-01,true,true,false
CA1262,AC1219,debit,everyday,expired,2025-05-11,2026-04-01,true,true,false
CA1263,AC1219,debit,mobile_and_online,active,2024-07-12,2028-07-01,true,true,true
CA1264,AC1220,debit,everyday,active,2024-07-12,2028-07-01,true,true,false
CA1265,AC1221,debit,everyday,active,2025-08-20,2030-08-01,true,true,false
CA1266,AC1222,prepaid,online,active,2025-02-19,2030-02-01,true,false,true
CA1267,AC1223,debit,everyday,active,2022-03-27,2027-03-01,true,true,false
CA1268,AC1224,credit,everyday,active,2025-08-20,2030-08-01,true,true,false
CA1269,AC1224,credit,mobile_and_online,active,2025-02-15,2029-02-01,true,true,true
CA1270,AC1225,debit,everyday,active,2023-02-10,2028-02-01,true,false,false
CA1271,AC1226,credit,everyday,active,2025-03-02,2030-03-01,true,true,false
CA1272,AC1227,credit,everyday,active,2022-03-21,2027-03-01,true,true,false
CA1273,AC1228,credit,everyday,active,2022-11-09,2027-11-01,true,true,false
CA1274,AC1228,credit,mobile_and_online,active,2023-12-13,2027-12-01,true,true,true
CA1275,AC1229,credit,everyday,active,2024-03-26,2029-03-01,true,true,false
CA1276,AC1230,debit,everyday,active,2025-03-07,2029-03-01,true,true,false
CA1277,AC1231,credit,everyday,active,2025-08-20,2029-08-01,true,true,false
CA1278,AC1232,debit,everyday,active,2025-08-11,2030-08-01,true,true,false
CA1279,AC1233,credit,everyday,active,2024-09-20,2029-09-01,true,true,false
CA1280,AC1233,credit,mobile_and_online,active,2024-09-06,2029-09-01,true,true,true
CA1281,AC1234,credit,everyday,active,2024-04-28,2029-04-01,true,true,false
CA1282,AC1234,credit,mobile_and_online,blocked,2025-04-08,2030-04-01,true,true,true
CA1283,AC1235,credit,everyday,active,2023-09-16,2028-09-01,true,true,false
CA1284,AC1235,credit,mobile_and_online,active,2025-04-16,2030-04-01,true,true,true
CA1285,AC1236,debit,everyday,expired,2022-08-05,2026-08-01,true,false,false
CA1286,AC1237,debit,shared_household,active,2022-04-03,2027-04-01,true,true,false
CA1287,AC1238,credit,everyday,active,2024-10-15,2029-10-01,true,true,false
CA1288,AC1239,credit,everyday,active,2024-07-22,2028-07-01,true,true,false
CA1289,AC1239,credit,mobile_and_online,active,2025-02-14,2029-02-01,true,true,true
CA1290,AC1240,credit,everyday,expired,2022-05-08,2026-05-01,true,true,false
CA1291,AC1241,credit,business,active,2025-09-10,2029-09-01,true,true,true
CA1292,AC1242,debit,everyday,active,2023-06-02,2028-06-01,true,true,false
CA1293,AC1243,debit,everyday,active,2024-01-27,2028-01-01,true,true,false
CA1294,AC1243,debit,mobile_and_online,active,2022-01-20,2027-01-01,true,false,true
CA1295,AC1244,credit,everyday,active,2024-06-13,2029-06-01,true,true,false
CA1296,AC1245,credit,business,active,2025-08-20,2030-08-01,true,true,true
CA1297,AC1246,debit,everyday,active,2022-03-10,2027-03-01,true,false,false
CA1298,AC1247,credit,everyday,active,2025-06-03,2030-06-01,true,true,false
CA1299,AC1248,debit,everyday,active,2024-08-27,2029-08-01,true,true,false
CA1300,AC1249,debit,everyday,active,2023-12-16,2027-12-01,true,true,false
CA1301,AC1250,credit,everyday,active,2024-02-23,2028-02-01,true,true,false
CA1302,AC1251,credit,everyday,active,2025-08-20,2030-08-01,true,true,false
CA1303,AC1252,credit,business,active,2023-10-03,2028-10-01,true,true,true
CA1304,AC1253,debit,everyday,active,2024-05-26,2029-05-01,true,true,false
CA1305,AC1254,debit,everyday,active,2022-04-28,2027-04-01,true,true,false
CA1306,AC1254,debit,mobile_and_online,active,2025-06-22,2030-06-01,true,true,true
CA1307,AC1255,debit,everyday,active,2023-05-05,2027-05-01,true,false,false
CA1308,AC1255,debit,mobile_and_online,active,2024-06-04,2029-06-01,true,false,true
CA1309,AC1256,debit,everyday,active,2023-03-27,2028-03-01,true,true,false
CA1310,AC1257,prepaid,travel,active,2023-11-04,2028-11-01,true,true,false
CA1311,AC1258,debit,everyday,active,2023-06-24,2028-06-01,true,true,false
CA1312,AC1259,debit,everyday,active,2022-11-12,2026-11-01,true,true,false
CA1313,AC1260,credit,renovation,active,2022-09-24,2027-09-01,true,true,false
CA1314,AC1261,credit,everyday,active,2024-11-09,2028-11-01,true,true,false
CA1315,AC1261,credit,mobile_and_online,active,2024-11-09,2029-11-01,true,true,true
CA1316,AC1262,debit,everyday,active,2025-05-25,2030-05-01,true,true,false
CA1317,AC1262,debit,mobile_and_online,active,2024-05-22,2029-05-01,true,true,true
CA1318,AC1263,credit,everyday,expired,2022-07-26,2026-07-01,true,true,false
CA1319,AC1264,credit,travel,active,2023-08-10,2028-08-01,true,true,false
CA1320,AC1265,credit,everyday,active,2025-08-20,2030-08-01,true,true,false
CA1321,AC1265,credit,mobile_and_online,active,2024-05-07,2028-05-01,true,true,false
CA1322,AC1266,debit,everyday,blocked,2025-08-20,2030-08-01,true,true,false
CA1323,AC1267,debit,everyday,active,2023-05-19,2028-05-01,true,true,false
CA1324,AC1268,prepaid,travel,active,2025-03-19,2030-03-01,true,true,false
CA1325,AC1269,debit,everyday,active,2024-06-17,2029-06-01,true,true,false
CA1326,AC1270,debit,everyday,active,2022-04-26,2027-04-01,true,false,false
CA1327,AC1271,debit,everyday,active,2022-05-08,2027-05-01,true,true,false
CA1328,AC1272,prepaid,travel,active,2025-08-12,2030-08-01,true,true,false
CA1329,AC1273,debit,everyday,active,2024-11-10,2028-11-01,true,true,false
CA1330,AC1274,prepaid,travel,active,2023-03-27,2028-03-01,true,true,false
CA1331,AC1275,debit,everyday,active,2024-11-26,2029-11-01,true,true,false
CA1332,AC1275,debit,mobile_and_online,active,2023-01-21,2027-01-01,true,false,true
CA1333,AC1276,debit,everyday,active,2024-07-22,2028-07-01,true,true,false
CA1334,AC1276,debit,mobile_and_online,active,2025-07-10,2030-07-01,true,true,true
CA1335,AC1277,debit,everyday,active,2024-08-22,2029-08-01,true,false,false
CA1336,AC1278,debit,everyday,active,2024-04-12,2028-04-01,true,true,false
CA1337,AC1279,debit,everyday,active,2024-04-18,2028-04-01,true,true,false
CA1338,AC1280,credit,everyday,active,2024-07-22,2028-07-01,true,true,false
CA1339,AC1281,credit,business,active,2025-08-20,2030-08-01,true,true,true
CA1340,AC1282,debit,everyday,active,2022-12-19,2027-12-01,true,true,false
CA1341,AC1282,debit,mobile_and_online,active,2022-02-15,2027-02-01,true,false,true
CA1342,AC1283,credit,everyday,expired,2022-04-08,2025-11-01,true,true,false
CA1343,AC1284,credit,everyday,active,2022-09-15,2027-09-01,true,true,false
CA1344,AC1285,credit,business,active,2024-03-02,2028-03-01,true,true,true
CA1345,AC1286,debit,everyday,active,2025-06-12,2030-06-01,true,true,false
CA1346,AC1287,debit,everyday,active,2024-05-26,2029-05-01,true,true,false
CA1347,AC1287,debit,mobile_and_online,active,2025-12-15,2030-12-01,true,true,true
CA1348,AC1288,debit,everyday,active,2024-03-01,2028-03-01,true,false,false
CA1349,AC1288,debit,mobile_and_online,active,2023-08-28,2028-08-01,true,true,false
CA1350,AC1289,debit,everyday,active,2025-01-13,2029-01-01,true,true,false
CA1351,AC1290,debit,pet_care,active,2024-12-17,2029-12-01,true,true,false
CA1352,AC1291,debit,everyday,active,2023-01-08,2028-01-01,true,false,false
CA1353,AC1292,credit,everyday,active,2025-06-21,2030-06-01,true,true,false
CA1354,AC1293,credit,everyday,active,2024-03-16,2029-03-01,true,true,false
CA1355,AC1294,credit,business,active,2026-03-10,2031-03-01,true,true,true
CA1356,AC1295,debit,everyday,active,2024-01-12,2029-01-01,true,false,false
CA1357,AC1295,debit,mobile_and_online,active,2026-01-17,2031-01-01,true,true,true
CA1358,AC1296,debit,everyday,active,2023-08-24,2028-08-01,true,true,false
CA1359,AC1296,debit,mobile_and_online,active,2024-12-03,2028-12-01,true,true,true
CA1360,AC1297,credit,everyday,active,2025-08-20,2030-08-01,true,true,false
CA1361,AC1298,credit,business,active,2024-07-25,2029-07-01,true,true,true
CA1362,AC1299,debit,everyday,active,2025-08-20,2030-08-01,true,true,false
CA1363,AC1300,debit,everyday,active,2025-08-20,2029-08-01,true,true,false
CA1364,AC1301,debit,everyday,active,2024-10-21,2028-10-01,true,true,false
CA1365,AC1301,debit,mobile_and_online,active,2022-11-01,2027-11-01,true,true,true
CA1366,AC1302,debit,everyday,active,2022-06-14,2027-06-01,true,false,false
CA1367,AC1303,credit,everyday,active,2023-02-11,2028-02-01,true,true,false
CA1368,AC1304,credit,everyday,active,2024-06-10,2028-06-01,true,true,false
CA1369,AC1305,debit,everyday,active,2025-04-24,2030-04-01,true,false,false
CA1370,AC1306,prepaid,online,active,2024-11-19,2028-11-01,true,true,true
CA1371,AC1307,debit,everyday,active,2024-06-23,2028-06-01,true,true,false
CA1372,AC1308,debit,everyday,expired,2022-02-06,2026-02-01,true,true,false
CA1373,AC1309,credit,renovation,active,2026-05-08,2031-05-01,true,true,false
CA1374,AC1310,debit,everyday,active,2023-09-15,2027-09-01,true,true,false
CA1375,AC1311,debit,everyday,active,2024-06-26,2028-06-01,true,true,false
CA1376,AC1312,credit,everyday,active,2023-10-04,2028-10-01,true,true,false
CA1377,AC1312,credit,mobile_and_online,active,2024-03-19,2028-03-01,true,true,true
CA1378,AC1313,debit,everyday,active,2023-08-14,2028-08-01,true,false,false
CA1379,AC1313,debit,mobile_and_online,active,2022-02-20,2027-02-01,true,false,true
CA1380,AC1314,debit,everyday,active,2022-06-05,2027-06-01,true,true,false
CA1381,AC1315,credit,everyday,active,2022-03-19,2027-03-01,true,true,false
CA1382,AC1315,credit,mobile_and_online,active,2023-05-23,2028-05-01,true,true,true
CA1383,AC1316,debit,everyday,active,2023-02-26,2027-02-01,true,true,false
CA1384,AC1316,debit,mobile_and_online,active,2025-03-10,2030-03-01,true,false,true
CA1385,AC1317,credit,everyday,active,2022-08-23,2027-08-01,true,true,false
CA1386,AC1318,debit,everyday,active,2022-10-06,2027-10-01,true,false,false
CA1387,AC1318,debit,mobile_and_online,blocked,2025-03-21,2030-03-01,true,true,true
CA1388,AC1319,debit,everyday,active,2024-01-13,2029-01-01,true,true,false
CA1389,AC1320,credit,renovation,active,2023-04-07,2028-04-01,true,true,false
CA1390,AC1321,credit,everyday,active,2024-07-01,2029-07-01,true,true,false
CA1391,AC1321,credit,mobile_and_online,active,2025-11-12,2030-11-01,true,true,true
CA1392,AC1322,credit,everyday,active,2023-10-15,2028-10-01,true,true,false
CA1393,AC1323,debit,everyday,active,2022-12-02,2026-12-01,true,false,false
CA1394,AC1323,debit,mobile_and_online,active,2023-01-07,2028-01-01,true,true,true
CA1395,AC1324,debit,everyday,active,2023-08-14,2028-08-01,true,true,false
CA1396,AC1324,debit,mobile_and_online,active,2025-05-06,2030-05-01,true,true,false
CA1397,AC1325,debit,everyday,expired,2022-02-24,2026-02-01,true,true,false
CA1398,AC1326,credit,everyday,active,2022-11-05,2026-11-01,true,true,false
CA1399,AC1326,credit,mobile_and_online,active,2024-04-15,2029-04-01,true,true,true
CA1400,AC1327,credit,events,active,2025-06-30,2030-06-01,true,true,false
CA1401,AC1328,debit,everyday,active,2025-02-03,2030-02-01,true,true,false
CA1402,AC1329,credit,everyday,active,2024-06-09,2028-06-01,true,true,false
CA1403,AC1329,credit,mobile_and_online,active,2022-04-20,2027-04-01,true,true,true
CA1404,AC1330,credit,everyday,active,2023-01-03,2028-01-01,true,true,false
CA1405,AC1331,debit,everyday,active,2023-05-11,2027-05-01,true,true,false
CA1406,AC1331,debit,mobile_and_online,active,2023-04-01,2027-04-01,true,false,true
CA1407,AC1332,debit,everyday,active,2022-02-25,2027-02-01,true,true,false
CA1408,AC1333,credit,everyday,active,2022-02-25,2027-02-01,true,true,false
CA1409,AC1334,credit,everyday,active,2022-01-13,2027-01-01,true,true,false
CA1410,AC1334,credit,mobile_and_online,active,2022-04-23,2027-04-01,true,true,true
CA1411,AC1335,credit,everyday,active,2023-07-21,2027-07-01,true,true,false
CA1412,AC1336,credit,everyday,active,2025-04-21,2030-04-01,true,true,false
CA1413,AC1336,credit,mobile_and_online,active,2025-02-19,2030-02-01,true,true,true
CA1414,AC1337,credit,everyday,active,2024-07-20,2029-07-01,true,true,false
CA1415,AC1338,credit,business,active,2025-06-30,2030-06-01,true,true,true
CA1416,AC1339,debit,everyday,active,2022-09-03,2027-09-01,true,true,false
CA1417,AC1340,debit,pet_care,expired,2022-08-04,2026-08-01,true,true,false
CA1418,AC1341,credit,everyday,active,2022-10-08,2026-10-01,true,true,false
CA1419,AC1341,credit,mobile_and_online,active,2022-09-25,2027-09-01,true,true,true
CA1420,AC1342,credit,everyday,active,2023-06-22,2028-06-01,true,true,false
CA1421,AC1343,credit,travel,active,2025-06-30,2030-06-01,true,true,false
CA1422,AC1344,debit,everyday,active,2024-10-11,2029-10-01,true,true,false
CA1423,AC1345,credit,everyday,active,2022-05-11,2027-05-01,true,true,false
CA1424,AC1346,credit,everyday,active,2022-02-14,2027-02-01,true,true,false
CA1425,AC1347,credit,everyday,active,2025-03-19,2030-03-01,true,true,false
CA1426,AC1348,credit,travel,active,2023-05-29,2028-05-01,true,true,false
CA1427,AC1349,credit,everyday,active,2025-08-20,2030-08-01,true,true,false
CA1428,AC1349,credit,mobile_and_online,active,2022-05-08,2027-05-01,true,true,true
CA1429,AC1350,credit,everyday,active,2024-02-04,2029-02-01,true,true,false
CA1430,AC1351,credit,everyday,active,2022-05-11,2027-05-01,true,true,false
CA1431,AC1352,credit,business,active,2024-07-20,2028-07-01,true,true,true
CA1432,AC1353,debit,everyday,active,2024-08-10,2029-08-01,true,true,false
CA1433,AC1353,debit,mobile_and_online,active,2024-08-10,2029-08-01,true,true,true
CA1434,AC1354,debit,everyday,active,2025-04-27,2030-04-01,true,true,false
CA1435,AC1355,debit,everyday,expired,2022-10-02,2026-01-01,true,true,false
CA1436,AC1356,credit,renovation,active,2025-08-20,2029-08-01,true,true,false
CA1437,AC1357,debit,everyday,active,2022-03-13,2027-03-01,true,true,false
CA1438,AC1358,debit,everyday,active,2025-06-18,2029-06-01,true,true,false
CA1439,AC1358,debit,mobile_and_online,active,2022-09-17,2027-09-01,true,true,true
CA1440,AC1359,debit,everyday,active,2023-03-27,2028-03-01,true,true,false
CA1441,AC1360,credit,renovation,active,2022-05-02,2027-05-01,true,true,false
CA1442,AC1361,credit,everyday,active,2024-02-22,2029-02-01,true,true,false
CA1443,AC1362,debit,everyday,active,2024-05-17,2029-05-01,true,true,false
CA1444,AC1363,debit,everyday,expired,2022-03-16,2026-03-01,true,true,false
CA1445,AC1364,debit,everyday,expired,2022-04-03,2026-04-01,true,true,false
CA1446,AC1364,debit,mobile_and_online,active,2025-05-16,2029-05-01,true,true,true
CA1447,AC1365,debit,everyday,active,2024-08-22,2029-08-01,true,false,false
CA1448,AC1366,debit,family,active,2025-06-30,2030-06-01,true,false,false
CA1449,AC1367,debit,everyday,blocked,2024-05-06,2029-05-01,true,true,false
CA1450,AC1368,debit,everyday,expired,2023-01-08,2026-01-01,true,true,false
CA1451,AC1369,credit,everyday,active,2025-08-20,2030-08-01,true,true,false
CA1452,AC1370,credit,business,active,2025-06-30,2030-06-01,true,true,true
CA1453,AC1371,debit,everyday,active,2023-03-27,2027-03-01,true,true,false
CA1454,AC1372,debit,everyday,active,2025-03-25,2030-03-01,true,false,false
CA1455,AC1373,debit,everyday,active,2025-03-05,2030-03-01,true,true,false
CA1456,AC1374,debit,everyday,active,2024-07-12,2029-07-01,true,true,false
CA1457,AC1374,debit,mobile_and_online,active,2025-09-19,2030-09-01,true,true,true
CA1458,AC1375,debit,everyday,active,2023-03-10,2028-03-01,true,true,false
CA1459,AC1376,debit,everyday,blocked,2025-08-20,2030-08-01,true,true,false
CA1460,AC1376,debit,mobile_and_online,expired,2022-05-24,2026-05-01,true,true,true
CA1461,AC1377,debit,everyday,active,2024-06-05,2028-06-01,true,true,false
CA1462,AC1378,debit,everyday,active,2023-03-25,2027-03-01,true,true,false
CA1463,AC1379,credit,everyday,active,2025-03-08,2030-03-01,true,true,false
CA1464,AC1379,credit,mobile_and_online,active,2023-12-24,2028-12-01,true,true,true
CA1465,AC1380,debit,everyday,active,2025-08-20,2030-08-01,true,true,false
CA1466,AC1381,prepaid,travel,active,2024-07-22,2029-07-01,true,true,false
CA1467,AC1382,debit,everyday,active,2022-08-27,2027-08-01,true,true,false
CA1468,AC1383,credit,everyday,active,2024-03-26,2029-03-01,true,true,false
CA1469,AC1383,credit,mobile_and_online,active,2026-01-26,2031-01-01,true,true,true
CA1470,AC1384,debit,everyday,active,2025-01-07,2030-01-01,true,true,false
CA1471,AC1385,debit,everyday,active,2024-01-15,2029-01-01,true,true,false
CA1472,AC1386,debit,everyday,active,2022-06-19,2027-06-01,true,false,false
CA1473,AC1387,debit,everyday,blocked,2024-01-01,2028-01-01,true,true,false
CA1474,AC1388,credit,everyday,active,2024-04-05,2029-04-01,true,true,false
CA1475,AC1388,credit,mobile_and_online,active,2025-10-03,2030-10-01,true,true,true
CA1476,AC1389,debit,everyday,active,2022-09-06,2027-09-01,true,true,false
CA1477,AC1390,debit,everyday,active,2022-02-23,2027-02-01,true,true,false
CA1478,AC1390,debit,mobile_and_online,active,2023-10-20,2028-10-01,true,true,true
CA1479,AC1391,debit,everyday,active,2024-08-24,2028-08-01,true,true,false
CA1480,AC1392,debit,everyday,active,2023-01-14,2028-01-01,true,true,false
CA1481,AC1393,debit,everyday,active,2024-07-06,2029-07-01,true,true,false
CA1482,AC1394,debit,everyday,expired,2025-08-13,2026-02-01,true,true,false
CA1483,AC1395,debit,everyday,active,2024-06-17,2029-06-01,true,true,false
CA1484,AC1396,credit,everyday,active,2022-06-07,2027-06-01,true,true,false
CA1485,AC1397,credit,business,active,2025-08-20,2029-08-01,true,true,true
CA1486,AC1398,debit,everyday,active,2022-10-16,2026-10-01,true,true,false
CA1487,AC1399,debit,everyday,active,2022-07-27,2027-07-01,true,true,false
CA1488,AC1400,prepaid,online,active,2025-06-30,2030-06-01,true,true,true
CA1489,AC1401,debit,everyday,active,2023-03-04,2028-03-01,true,false,false
CA1490,AC1401,debit,mobile_and_online,active,2022-10-19,2026-10-01,true,true,true
CA1491,AC1402,debit,everyday,active,2025-01-07,2030-01-01,true,true,false
CA1492,AC1402,debit,mobile_and_online,active,2022-05-17,2027-05-01,true,true,true
CA1493,AC1403,debit,everyday,active,2022-12-02,2027-12-01,true,true,false
CA1494,AC1404,debit,everyday,active,2024-01-24,2029-01-01,true,true,false
CA1495,AC1404,debit,mobile_and_online,active,2022-06-14,2027-06-01,true,true,false
CA1496,AC1405,debit,everyday,active,2022-04-08,2027-04-01,true,true,false
CA1497,AC1406,debit,everyday,active,2025-08-20,2030-08-01,true,false,false
CA1498,AC1406,debit,mobile_and_online,expired,2023-06-21,2025-11-01,true,false,true
CA1499,AC1407,debit,everyday,active,2022-05-27,2027-05-01,true,true,false
CA1500,AC1408,credit,everyday,active,2022-04-19,2027-04-01,true,true,false
CA1501,AC1408,credit,mobile_and_online,active,2024-01-09,2029-01-01,true,true,true
CA1502,AC1409,credit,events,active,2022-11-13,2027-11-01,true,true,false
CA1503,AC1410,debit,everyday,active,2025-04-13,2030-04-01,true,true,false
CA1504,AC1411,debit,everyday,active,2025-03-06,2029-03-01,true,false,false
CA1505,AC1411,debit,mobile_and_online,active,2025-12-03,2030-12-01,true,true,true
CA1506,AC1412,debit,shared_household,expired,2022-05-11,2025-10-01,true,true,false
CA1507,AC1413,credit,everyday,active,2025-06-13,2030-06-01,true,true,false
CA1508,AC1414,debit,everyday,active,2022-10-05,2027-10-01,true,true,false
CA1509,AC1415,credit,renovation,active,2025-06-30,2030-06-01,true,true,false
CA1510,AC1416,debit,everyday,active,2024-08-02,2029-08-01,true,true,false
CA1511,AC1416,debit,mobile_and_online,active,2023-04-07,2028-04-01,true,true,true
CA1512,AC1417,credit,everyday,active,2024-07-19,2029-07-01,true,true,false
CA1513,AC1418,debit,everyday,active,2025-08-20,2029-08-01,true,false,false
CA1514,AC1419,credit,everyday,active,2024-09-18,2029-09-01,true,true,false
CA1515,AC1420,credit,everyday,active,2022-03-07,2027-03-01,true,true,false
CA1516,AC1420,credit,mobile_and_online,active,2025-04-11,2030-04-01,true,true,true
CA1517,AC1421,debit,everyday,active,2022-01-15,2027-01-01,true,true,false
CA1518,AC1422,credit,everyday,active,2022-08-14,2027-08-01,true,true,false
CA1519,AC1423,credit,business,blocked,2025-06-30,2030-06-01,true,true,true
CA1520,AC1424,debit,everyday,active,2024-06-06,2028-06-01,true,false,false
CA1521,AC1424,debit,mobile_and_online,active,2024-06-06,2029-06-01,true,true,true
CA1522,AC1425,credit,everyday,active,2025-08-20,2029-08-01,true,true,false
CA1523,AC1425,credit,mobile_and_online,active,2024-12-06,2029-12-01,true,true,true
CA1524,AC1426,credit,everyday,active,2023-02-21,2028-02-01,true,false,false
CA1525,AC1426,credit,mobile_and_online,active,2023-02-21,2028-02-01,true,false,true
CA1526,AC1427,debit,everyday,expired,2022-01-26,2026-01-01,true,true,false
CA1527,AC1428,debit,everyday,active,2025-02-04,2029-02-01,true,false,false
CA1528,AC1429,debit,everyday,blocked,2024-12-05,2029-12-01,true,true,false
CA1529,AC1430,prepaid,travel,active,2025-06-30,2030-06-01,true,true,false
CA1530,AC1431,credit,everyday,active,2023-08-08,2028-08-01,true,true,false
CA1531,AC1431,credit,mobile_and_online,blocked,2025-05-22,2030-05-01,true,true,true
CA1532,AC1432,debit,everyday,expired,2022-07-06,2026-07-01,true,true,false
CA1533,AC1433,debit,everyday,active,2023-07-22,2028-07-01,true,true,false
CA1534,AC1434,prepaid,travel,active,2025-06-30,2030-06-01,true,true,false
CA1535,AC1435,debit,everyday,active,2024-12-09,2028-12-01,true,true,false
CA1536,AC1435,debit,mobile_and_online,active,2022-04-27,2027-04-01,true,true,true
CA1537,AC1436,debit,everyday,expired,2022-08-02,2026-08-01,true,false,false
CA1538,AC1437,credit,everyday,active,2024-08-18,2029-08-01,true,true,false
CA1539,AC1438,debit,everyday,active,2024-04-20,2029-04-01,true,false,false
CA1540,AC1439,credit,renovation,active,2025-06-30,2030-06-01,true,true,false
CA1541,AC1440,credit,everyday,active,2022-02-10,2027-02-01,true,true,false
CA1542,AC1440,credit,mobile_and_online,active,2024-10-08,2029-10-01,true,true,false
CA1543,AC1441,credit,everyday,active,2022-11-11,2026-11-01,true,true,false
CA1544,AC1441,credit,mobile_and_online,active,2025-08-20,2029-08-01,true,true,true
CA1545,AC1442,debit,everyday,expired,2022-06-21,2026-06-01,true,true,false
CA1546,AC1443,credit,everyday,active,2023-11-16,2028-11-01,true,true,false
CA1547,AC1444,credit,everyday,active,2024-10-10,2029-10-01,true,true,false
CA1548,AC1445,credit,travel,active,2025-06-30,2030-06-01,true,true,false
CA1549,AC1446,debit,everyday,active,2023-07-13,2028-07-01,true,true,false
CA1550,AC1446,debit,mobile_and_online,active,2023-07-25,2028-07-01,true,true,true
CA1551,AC1447,debit,everyday,active,2025-08-12,2030-08-01,true,true,false
CA1552,AC1448,prepaid,travel,active,2024-07-10,2028-07-01,true,true,false
CA1553,AC1449,debit,everyday,active,2023-11-15,2028-11-01,true,true,false
CA1554,AC1450,prepaid,travel,active,2025-06-30,2030-06-01,true,true,false
CA1555,AC1451,debit,everyday,active,2025-08-20,2030-08-01,true,true,false
CA1556,AC1452,prepaid,travel,expired,2025-06-30,2026-02-01,true,true,false
CA1557,AC1453,debit,everyday,active,2025-02-28,2030-02-01,true,true,false
CA1558,AC1453,debit,mobile_and_online,blocked,2022-09-27,2026-09-01,true,true,true
CA1559,AC1454,debit,family,active,2025-08-20,2030-08-01,true,true,false
CA1560,AC1455,debit,everyday,active,2025-04-14,2030-04-01,true,true,false
CA1561,AC1456,debit,everyday,active,2023-12-10,2028-12-01,true,true,false
CA1562,AC1456,debit,mobile_and_online,active,2025-09-05,2030-09-01,true,true,true
CA1563,AC1457,debit,everyday,active,2022-01-27,2027-01-01,true,true,false
CA1564,AC1458,debit,everyday,active,2023-10-11,2028-10-01,true,true,false
CA1565,AC1459,credit,everyday,active,2023-10-11,2027-10-01,true,true,false
CA1566,AC1460,credit,travel,active,2025-08-20,2030-08-01,true,true,false
CA1567,AC1461,credit,everyday,active,2024-11-04,2028-11-01,true,true,false
CA1568,AC1462,credit,events,active,2024-01-09,2029-01-01,true,true,false
CA1569,AC1463,debit,everyday,active,2024-04-10,2029-04-01,true,true,false
CA1570,AC1464,debit,everyday,active,2025-01-09,2029-01-01,true,true,false
CA1571,AC1465,debit,everyday,active,2022-02-04,2027-02-01,true,true,false
CA1572,AC1466,credit,everyday,active,2023-06-17,2027-06-01,true,true,false
CA1573,AC1466,credit,mobile_and_online,active,2025-02-13,2030-02-01,true,true,true
CA1574,AC1467,credit,everyday,active,2025-02-23,2030-02-01,true,true,false
CA1575,AC1468,debit,everyday,active,2025-03-10,2029-03-01,true,true,false
CA1576,AC1469,credit,everyday,active,2025-08-20,2030-08-01,true,true,false
CA1577,AC1470,debit,everyday,active,2024-02-19,2029-02-01,true,false,false
CA1578,AC1470,debit,mobile_and_online,active,2025-02-09,2030-02-01,true,false,true
CA1579,AC1471,debit,everyday,active,2023-01-18,2028-01-01,true,false,false
CA1580,AC1471,debit,mobile_and_online,active,2025-08-20,2030-08-01,true,true,true
CA1581,AC1472,debit,everyday,active,2023-07-22,2028-07-01,true,true,false
CA1582,AC1473,debit,everyday,active,2025-03-09,2030-03-01,true,true,false
CA1583,AC1474,credit,renovation,active,2023-12-31,2028-12-01,true,true,false
CA1584,AC1475,debit,everyday,active,2023-08-09,2028-08-01,true,true,false
CA1585,AC1475,debit,mobile_and_online,active,2024-10-05,2029-10-01,true,true,true
CA1586,AC1476,debit,shared_household,active,2025-06-30,2029-06-01,true,true,false
CA1587,AC1477,debit,everyday,active,2025-03-06,2030-03-01,true,false,false
CA1588,AC1478,debit,everyday,active,2022-10-22,2027-10-01,true,true,false
CA1589,AC1478,debit,mobile_and_online,active,2025-05-02,2030-05-01,true,true,true
CA1590,AC1479,debit,everyday,active,2025-07-10,2030-07-01,true,true,false
CA1591,AC1480,prepaid,online,active,2026-04-26,2031-04-01,true,true,true
CA1592,AC1481,credit,everyday,active,2024-05-15,2029-05-01,true,true,false
CA1593,AC1482,debit,everyday,blocked,2024-01-05,2028-01-01,true,true,false
CA1594,AC1482,debit,mobile_and_online,active,2024-09-08,2028-09-01,true,true,true
CA1595,AC1483,debit,everyday,active,2024-05-23,2029-05-01,true,false,false
CA1596,AC1483,debit,mobile_and_online,active,2026-05-20,2031-05-01,true,false,true
CA1597,AC1484,debit,family,active,2025-06-30,2030-06-01,true,false,false
CA1598,AC1485,debit,everyday,active,2023-11-18,2028-11-01,true,true,false
CA1599,AC1486,credit,everyday,expired,2022-08-22,2026-08-01,true,true,false
CA1600,AC1487,debit,everyday,active,2024-07-17,2029-07-01,true,true,false
CA1601,AC1488,debit,shared_household,active,2025-06-30,2030-06-01,true,true,false
CA1602,AC1489,credit,everyday,active,2025-07-12,2030-07-01,true,true,false
CA1603,AC1489,credit,mobile_and_online,active,2022-11-15,2027-11-01,true,true,true
CA1604,AC1490,debit,everyday,active,2024-02-19,2029-02-01,true,true,false
CA1605,AC1490,debit,mobile_and_online,active,2025-08-15,2030-08-01,true,true,true
CA1606,AC1491,debit,everyday,active,2024-07-06,2029-07-01,true,true,false
CA1607,AC1492,credit,everyday,expired,2022-06-01,2026-06-01,true,true,false
CA1608,AC1492,credit,mobile_and_online,active,2026-03-07,2030-03-01,true,true,true
CA1609,AC1493,credit,everyday,active,2023-01-10,2028-01-01,true,true,false
CA1610,AC1494,debit,everyday,active,2025-03-18,2030-03-01,true,true,false
CA1611,AC1494,debit,mobile_and_online,active,2024-11-03,2029-11-01,true,true,true
CA1612,AC1495,credit,everyday,active,2024-02-11,2029-02-01,true,true,false
CA1613,AC1496,debit,everyday,active,2023-10-06,2028-10-01,true,true,false
CA1614,AC1497,credit,everyday,active,2025-01-14,2030-01-01,true,true,false
CA1615,AC1497,credit,mobile_and_online,active,2022-06-14,2027-06-01,true,true,true
CA1616,AC1498,debit,everyday,active,2024-08-23,2029-08-01,true,true,false
CA1617,AC1499,debit,shared_household,active,2025-08-20,2030-08-01,true,true,false
CA1618,AC1500,debit,everyday,active,2024-05-04,2029-05-01,true,true,false
CA1619,AC1500,debit,mobile_and_online,active,2025-06-12,2030-06-01,true,true,true
CA1620,AC1501,credit,everyday,active,2023-03-03,2028-03-01,true,true,false
CA1621,AC1501,credit,mobile_and_online,active,2024-12-26,2029-12-01,true,true,true
CA1622,AC1502,credit,events,active,2025-08-20,2030-08-01,true,true,false
CA1623,AC1503,debit,everyday,expired,2022-02-23,2026-02-01,true,true,false
CA1624,AC1504,debit,everyday,active,2023-06-26,2028-06-01,true,false,false
CA1625,AC1504,debit,mobile_and_online,active,2023-06-26,2028-06-01,true,true,true
CA1626,AC1505,debit,everyday,active,2023-05-06,2028-05-01,true,true,false
CA1627,AC1505,debit,mobile_and_online,active,2025-01-12,2030-01-01,true,false,true
CA1628,AC1506,credit,everyday,active,2023-08-23,2027-08-01,true,true,false
CA1629,AC1507,debit,everyday,active,2024-10-18,2029-10-01,true,true,false
CA1630,AC1508,prepaid,travel,active,2023-08-07,2028-08-01,true,true,false
CA1631,AC1509,debit,everyday,active,2024-05-09,2029-05-01,true,false,false
CA1632,AC1510,prepaid,online,active,2026-03-09,2031-03-01,true,true,false
CA1633,AC1511,debit,everyday,active,2025-02-17,2030-02-01,true,true,false
CA1634,AC1512,debit,everyday,active,2022-03-04,2027-03-01,true,false,false
CA1635,AC1513,prepaid,online,active,2025-10-04,2030-10-01,true,false,true
CA1636,AC1514,credit,everyday,active,2025-08-20,2029-08-01,true,true,false
CA1637,AC1514,credit,mobile_and_online,active,2025-08-20,2030-08-01,true,true,false
CA1638,AC1515,debit,everyday,active,2023-07-04,2028-07-01,true,true,false
CA1639,AC1515,debit,mobile_and_online,blocked,2025-08-16,2030-08-01,true,true,true
CA1640,AC1516,debit,everyday,active,2025-02-14,2029-02-01,true,true,false
CA1641,AC1517,debit,everyday,active,2024-04-27,2029-04-01,true,true,false
CA1642,AC1518,credit,renovation,active,2023-10-28,2027-10-01,true,true,false
CA1643,AC1519,debit,everyday,active,2025-07-07,2030-07-01,true,true,false
CA1644,AC1520,prepaid,travel,active,2025-04-18,2030-04-01,true,true,false
CA1645,AC1521,credit,everyday,active,2022-05-26,2027-05-01,true,true,false
CA1646,AC1521,credit,mobile_and_online,active,2023-01-15,2028-01-01,true,true,true
CA1647,AC1522,debit,everyday,active,2024-08-05,2029-08-01,true,false,false
CA1648,AC1523,debit,everyday,active,2023-10-23,2028-10-01,true,false,false
CA1649,AC1523,debit,mobile_and_online,active,2023-02-24,2028-02-01,true,true,true
CA1650,AC1524,debit,everyday,expired,2022-06-02,2026-06-01,true,false,false
CA1651,AC1525,credit,everyday,active,2023-06-27,2028-06-01,true,true,false
CA1652,AC1526,credit,travel,active,2023-12-20,2028-12-01,true,true,false
CA1653,AC1527,credit,everyday,active,2024-09-22,2028-09-01,true,true,false
CA1654,AC1527,credit,mobile_and_online,active,2024-09-22,2029-09-01,true,true,true
CA1655,AC1528,debit,everyday,expired,2022-03-23,2026-03-01,true,true,false
CA1656,AC1529,credit,everyday,active,2024-01-22,2029-01-01,true,true,false
CA1657,AC1530,credit,travel,active,2024-05-07,2029-05-01,true,true,false
CA1658,AC1531,debit,everyday,active,2023-11-22,2028-11-01,true,true,false
CA1659,AC1532,debit,everyday,active,2024-07-13,2029-07-01,true,true,false
CA1660,AC1533,debit,pet_care,blocked,2025-06-30,2030-06-01,true,true,false
CA1661,AC1534,credit,everyday,active,2023-03-16,2028-03-01,true,true,false
CA1662,AC1535,credit,business,active,2025-06-30,2030-06-01,true,true,true
CA1663,AC1536,debit,everyday,active,2023-02-19,2028-02-01,true,true,false
CA1664,AC1537,debit,everyday,active,2025-08-20,2030-08-01,true,true,false
CA1665,AC1538,debit,everyday,active,2024-10-25,2028-10-01,true,true,false
CA1666,AC1538,debit,mobile_and_online,active,2023-01-08,2027-01-01,true,true,true
CA1667,AC1539,credit,everyday,active,2024-12-12,2029-12-01,true,true,false
CA1668,AC1540,credit,business,active,2025-06-30,2029-06-01,true,true,true
CA1669,AC1541,debit,everyday,blocked,2023-02-12,2028-02-01,true,true,false
CA1670,AC1542,credit,everyday,active,2022-12-25,2027-12-01,true,true,false
CA1671,AC1543,debit,everyday,active,2025-08-20,2030-08-01,true,true,false
CA1672,AC1543,debit,mobile_and_online,active,2023-10-19,2028-10-01,true,true,true
CA1673,AC1544,debit,everyday,active,2024-10-17,2028-10-01,true,true,false
CA1674,AC1545,credit,everyday,active,2022-02-11,2027-02-01,true,false,false
CA1675,AC1546,debit,everyday,active,2024-10-19,2029-10-01,true,false,false
CA1676,AC1546,debit,mobile_and_online,blocked,2025-03-21,2030-03-01,true,true,true
CA1677,AC1547,credit,everyday,active,2022-04-25,2027-04-01,true,true,false
CA1678,AC1548,debit,everyday,active,2025-08-20,2030-08-01,true,true,false
CA1679,AC1549,prepaid,travel,active,2025-08-20,2030-08-01,true,true,false
CA1680,AC1550,credit,everyday,active,2023-01-09,2028-01-01,true,true,false
CA1681,AC1551,credit,everyday,active,2024-01-27,2029-01-01,true,true,false
CA1682,AC1552,credit,business,active,2024-01-08,2029-01-01,true,true,true
CA1683,AC1553,debit,everyday,active,2023-12-05,2027-12-01,true,true,false
CA1684,AC1553,debit,mobile_and_online,active,2026-04-11,2030-04-01,true,false,true
CA1685,AC1554,debit,everyday,active,2024-02-03,2029-02-01,true,false,false
CA1686,AC1555,prepaid,online,active,2022-04-28,2027-04-01,true,true,true
CA1687,AC1556,debit,everyday,active,2023-04-19,2028-04-01,true,true,false
CA1688,AC1557,prepaid,travel,active,2023-08-05,2028-08-01,true,true,false
CA1689,AC1558,debit,everyday,active,2024-06-08,2028-06-01,true,false,false
CA1690,AC1559,prepaid,online,blocked,2026-05-17,2031-05-01,true,false,true
CA1691,AC1560,debit,everyday,active,2025-08-20,2030-08-01,true,true,false
CA1692,AC1561,debit,everyday,active,2023-12-11,2027-12-01,true,true,false
CA1693,AC1562,prepaid,online,active,2025-06-30,2030-06-01,true,true,true
CA1694,AC1563,debit,everyday,active,2023-11-09,2028-11-01,true,true,false
CA1695,AC1563,debit,mobile_and_online,active,2023-11-09,2028-11-01,true,false,true
CA1696,AC1564,credit,everyday,active,2023-04-12,2028-04-01,true,true,false
CA1697,AC1565,debit,everyday,active,2024-09-11,2029-09-01,true,true,false
CA1698,AC1566,debit,everyday,expired,2022-05-10,2026-05-01,true,true,false
CA1699,AC1567,debit,everyday,active,2023-09-15,2028-09-01,true,true,false
CA1700,AC1568,debit,everyday,active,2024-11-23,2029-11-01,true,false,false
CA1701,AC1569,prepaid,online,active,2024-09-14,2029-09-01,true,true,true
CA1702,AC1570,credit,everyday,active,2025-08-08,2030-08-01,true,true,false
CA1703,AC1571,debit,everyday,blocked,2024-01-13,2029-01-01,true,true,false
CA1704,AC1572,credit,everyday,active,2024-11-01,2028-11-01,true,true,false
CA1705,AC1572,credit,mobile_and_online,active,2022-01-25,2027-01-01,true,true,true
CA1706,AC1573,debit,everyday,active,2024-04-08,2029-04-01,true,false,false
CA1707,AC1574,debit,everyday,active,2025-08-20,2030-08-01,true,true,false
CA1708,AC1575,debit,everyday,active,2024-04-27,2029-04-01,true,false,false
CA1709,AC1576,credit,everyday,active,2024-04-15,2029-04-01,true,true,false
CA1710,AC1577,credit,travel,active,2025-06-30,2029-06-01,true,true,false
CA1711,AC1578,debit,everyday,active,2025-06-08,2029-06-01,true,false,false
CA1712,AC1579,prepaid,online,active,2023-07-22,2028-07-01,true,false,true
CA1713,AC1580,credit,everyday,active,2024-11-20,2029-11-01,true,true,false
CA1714,AC1581,debit,everyday,active,2025-04-12,2030-04-01,true,true,false
CA1715,AC1581,debit,mobile_and_online,active,2026-02-18,2031-02-01,true,true,true
CA1716,AC1582,debit,family,active,2023-10-08,2027-10-01,true,true,false
CA1717,AC1583,credit,everyday,active,2023-08-18,2028-08-01,true,true,false
CA1718,AC1583,credit,mobile_and_online,active,2026-03-18,2030-03-01,true,true,true
CA1719,AC1584,debit,everyday,active,2024-11-21,2029-11-01,true,true,false
CA1720,AC1584,debit,mobile_and_online,active,2024-11-21,2029-11-01,true,true,true
CA1721,AC1585,debit,everyday,active,2024-03-06,2029-03-01,true,false,false
CA1722,AC1585,debit,mobile_and_online,active,2025-02-06,2029-02-01,true,true,true
CA1723,AC1586,debit,shared_household,active,2024-07-23,2029-07-01,true,true,false
CA1724,AC1587,credit,everyday,active,2023-11-20,2028-11-01,true,true,false
CA1725,AC1587,credit,mobile_and_online,active,2025-02-24,2029-02-01,true,true,true
CA1726,AC1588,debit,everyday,active,2023-12-14,2027-12-01,true,true,false
CA1727,AC1589,debit,everyday,active,2023-08-04,2028-08-01,true,true,false
CA1728,AC1590,credit,renovation,active,2024-12-27,2029-12-01,true,true,false
CA1729,AC1591,debit,everyday,active,2022-10-23,2027-10-01,true,true,false
CA1730,AC1592,credit,everyday,active,2024-05-05,2029-05-01,true,true,false
CA1731,AC1593,debit,everyday,active,2024-09-23,2029-09-01,true,true,false
CA1732,AC1594,debit,everyday,expired,2024-03-04,2026-01-01,true,true,false
CA1733,AC1594,debit,mobile_and_online,active,2025-03-24,2030-03-01,true,true,true
CA1734,AC1595,debit,everyday,active,2024-11-01,2029-11-01,true,true,false
CA1735,AC1595,debit,mobile_and_online,active,2022-12-27,2026-12-01,true,false,true
CA1736,AC1596,debit,shared_household,active,2025-06-30,2030-06-01,true,true,false
CA1737,AC1597,debit,everyday,active,2025-02-05,2029-02-01,true,true,false
CA1738,AC1598,debit,everyday,active,2024-05-28,2028-05-01,true,true,false
CA1739,AC1598,debit,mobile_and_online,active,2024-04-05,2028-04-01,true,true,true
CA1740,AC1599,debit,everyday,active,2023-05-27,2028-05-01,true,true,false
CA1741,AC1599,debit,mobile_and_online,active,2025-10-17,2029-10-01,true,true,true
CA1742,AC1600,debit,everyday,active,2022-12-08,2027-12-01,true,false,false
CA1743,AC1600,debit,mobile_and_online,blocked,2022-12-08,2027-12-01,true,true,true
CA1744,AC1601,credit,everyday,active,2025-08-20,2030-08-01,true,true,false
CA1745,AC1602,credit,business,active,2024-04-30,2029-04-01,true,true,true
CA1746,AC1603,debit,everyday,active,2024-08-13,2029-08-01,true,true,false
CA1747,AC1604,credit,everyday,active,2025-07-23,2030-07-01,true,true,false
CA1748,AC1604,credit,mobile_and_online,active,2024-10-21,2029-10-01,true,true,true
CA1749,AC1605,debit,everyday,active,2023-10-21,2027-10-01,true,true,false
CA1750,AC1606,credit,everyday,active,2025-08-20,2030-08-01,true,true,false
CA1751,AC1607,credit,everyday,active,2025-08-20,2030-08-01,true,true,false
CA1752,AC1607,credit,mobile_and_online,active,2022-09-10,2027-09-01,true,true,true
CA1753,AC1608,debit,everyday,active,2023-01-23,2028-01-01,true,true,false
CA1754,AC1609,debit,everyday,active,2022-06-19,2027-06-01,true,true,false
CA1755,AC1609,debit,mobile_and_online,expired,2022-03-23,2026-03-01,true,true,false
CA1756,AC1610,debit,everyday,active,2025-08-20,2029-08-01,true,true,false
CA1757,AC1611,debit,everyday,active,2024-06-24,2029-06-01,true,true,false
CA1758,AC1612,debit,everyday,active,2025-07-06,2030-07-01,true,true,false
CA1759,AC1612,debit,mobile_and_online,active,2024-12-25,2029-12-01,true,true,true
CA1760,AC1613,debit,shared_household,active,2025-08-15,2030-08-01,true,true,false
CA1761,AC1614,debit,everyday,active,2022-05-08,2027-05-01,true,true,false
CA1762,AC1615,debit,everyday,active,2023-03-15,2028-03-01,true,true,false
CA1763,AC1616,prepaid,online,active,2025-11-22,2030-11-01,true,false,true
CA1764,AC1617,credit,everyday,active,2023-07-02,2028-07-01,true,true,false
CA1765,AC1618,debit,everyday,active,2024-05-20,2029-05-01,true,false,false
CA1766,AC1619,credit,everyday,active,2023-02-05,2028-02-01,true,true,false
CA1767,AC1620,credit,everyday,active,2024-03-13,2029-03-01,true,true,false
CA1768,AC1621,credit,business,active,2023-04-18,2028-04-01,true,true,true
CA1769,AC1622,debit,everyday,active,2025-08-20,2030-08-01,true,false,false
CA1770,AC1623,credit,everyday,blocked,2022-10-01,2026-10-01,true,true,false
CA1771,AC1624,credit,business,active,2022-08-26,2027-08-01,true,true,true
CA1772,AC1625,credit,everyday,active,2023-10-15,2028-10-01,true,true,false
CA1773,AC1626,credit,business,active,2023-10-10,2028-10-01,true,true,true
CA1774,AC1627,debit,everyday,active,2025-02-20,2030-02-01,true,true,false
CA1775,AC1628,debit,everyday,active,2023-09-06,2028-09-01,true,true,false
CA1776,AC1628,debit,mobile_and_online,active,2022-05-10,2027-05-01,true,true,true
CA1777,AC1629,debit,family,active,2022-08-02,2027-08-01,true,true,false
CA1778,AC1630,debit,everyday,active,2022-05-05,2027-05-01,true,false,false
CA9000,AC1008,credit,everyday,active,2026-04-05,2031-04-01,true,true,false
CA9001,AC1009,credit,travel,active,2026-02-11,2031-02-01,true,true,false
CA9002,AC1024,debit,everyday,active,2026-02-10,2031-02-01,true,false,false
CA9003,AC1038,prepaid,online,active,2026-05-19,2031-05-01,true,true,true
CA9004,AC1042,debit,everyday,active,2025-10-30,2030-10-01,true,true,false
CA9005,AC1055,debit,mobile_and_online,active,2026-02-07,2031-02-01,true,false,true
CA9006,AC1065,debit,everyday,active,2026-04-05,2031-04-01,true,true,false
CA9007,AC1087,credit,mobile_and_online,active,2026-03-22,2031-03-01,true,true,true
CA9008,AC1113,debit,mobile_and_online,active,2026-06-09,2031-06-01,true,true,true
CA9009,AC1136,prepaid,online,active,2026-03-04,2031-02-01,true,true,true
CA9010,AC1142,credit,mobile_and_online,active,2026-01-05,2031-01-01,true,false,true
CA9011,AC1147,credit,everyday,active,2025-12-29,2030-12-01,true,true,false
CA9012,AC1158,credit,everyday,active,2026-05-06,2031-05-01,true,true,false
CA9013,AC1161,debit,mobile_and_online,active,2026-03-16,2031-03-01,true,true,true
CA9014,AC1196,credit,everyday,active,2026-05-04,2031-05-01,true,true,false
CA9015,AC1205,debit,everyday,active,2026-03-10,2031-03-01,true,true,false
CA9016,AC1211,debit,everyday,active,2026-02-08,2031-02-01,true,true,false
CA9017,AC1217,debit,mobile_and_online,active,2026-01-21,2031-01-01,true,true,true
CA9018,AC1219,debit,everyday,active,2026-04-07,2031-04-01,true,true,false
CA9019,AC1234,credit,mobile_and_online,active,2026-05-06,2031-04-01,true,true,true
CA9020,AC1240,credit,everyday,active,2026-05-09,2031-05-01,true,true,false
CA9021,AC1263,credit,everyday,active,2026-07-07,2031-07-01,true,true,false
CA9022,AC1266,debit,everyday,active,2026-02-15,2031-02-01,true,true,false
CA9023,AC1283,credit,everyday,active,2025-11-05,2030-11-01,true,true,false
CA9024,AC1308,debit,everyday,active,2026-02-13,2031-02-01,true,true,false
CA9025,AC1325,debit,everyday,active,2026-02-06,2031-02-01,true,true,false
CA9026,AC1355,debit,everyday,active,2026-01-08,2031-01-01,true,true,false
CA9027,AC1363,debit,everyday,active,2026-03-04,2031-03-01,true,true,false
CA9028,AC1364,debit,everyday,active,2026-04-13,2031-04-01,true,true,false
CA9029,AC1367,debit,everyday,active,2025-10-25,2030-10-01,true,true,false
CA9030,AC1368,debit,everyday,active,2026-01-12,2031-01-01,true,true,false
CA9031,AC1376,debit,everyday,active,2026-06-26,2031-06-01,true,true,false
CA9032,AC1376,debit,mobile_and_online,active,2026-05-06,2031-05-01,true,true,true
CA9033,AC1387,debit,everyday,active,2026-05-04,2031-04-01,true,true,false
CA9034,AC1406,debit,mobile_and_online,active,2025-11-13,2030-11-01,true,false,true
CA9035,AC1412,debit,shared_household,active,2025-10-06,2030-10-01,true,true,false
CA9036,AC1423,credit,business,active,2025-10-23,2030-10-01,true,true,true
CA9037,AC1427,debit,everyday,active,2026-01-07,2031-01-01,true,true,false
CA9038,AC1429,debit,everyday,active,2026-06-30,2031-06-01,true,true,false
CA9039,AC1431,credit,mobile_and_online,active,2026-01-31,2031-01-01,true,true,true
CA9040,AC1432,debit,everyday,active,2026-07-11,2031-07-01,true,true,false
CA9041,AC1442,debit,everyday,active,2026-06-04,2031-06-01,true,true,false
CA9042,AC1453,debit,mobile_and_online,active,2025-10-28,2030-10-01,true,true,true
CA9043,AC1482,debit,everyday,active,2025-11-25,2030-11-01,true,true,false
CA9044,AC1492,credit,everyday,active,2026-06-05,2031-06-01,true,true,false
CA9045,AC1503,debit,everyday,active,2026-02-11,2031-02-01,true,true,false
CA9046,AC1515,debit,mobile_and_online,active,2026-02-16,2031-02-01,true,true,true
CA9047,AC1524,debit,everyday,active,2026-06-12,2031-06-01,true,false,false
CA9048,AC1528,debit,everyday,active,2026-03-04,2031-03-01,true,true,false
CA9049,AC1546,debit,mobile_and_online,active,2025-11-15,2030-11-01,true,true,true
CA9050,AC1559,prepaid,online,active,2026-02-24,2031-02-01,true,false,true
CA9051,AC1566,debit,everyday,active,2026-05-06,2031-05-01,true,true,false
CA9052,AC1571,debit,everyday,active,2026-03-10,2031-02-01,true,true,false
CA9053,AC1594,debit,everyday,active,2026-01-04,2031-01-01,true,true,false
CA9054,AC1600,debit,mobile_and_online,active,2026-06-14,2031-06-01,true,true,true
CA9055,AC1609,debit,mobile_and_online,active,2026-03-10,2031-03-01,true,true,false
CA9056,AC1623,credit,everyday,active,2025-10-26,2030-10-01,true,true,false
